{"weight": [0.15756404680924851, -0.1752122352167209, 0.20239558621220355, 0.16777348246141943, 0.45021476043281683, 0.316627767701519, -0.7736132507669216, -0.7020038563074071, 0.17492893684909183, 0.18132476182475066], "weight_num": 10, "eta": 0.5, "epsilon": 0.1}